Domanda,Risposte
disclaimer,Accetto
annonascita,1998
sesso,F
regione,Veneto
cdl,LT
annocorso,2
nomecorso,Comunicazione interlinguistica applicata 
ateneo,Trieste
anniuso,12
anniinternet,5
interesse,N
computerpersonale,S
os,Windows
altroos,
dispositivo,Portatile
altrodispositivo,
attivita,Studio,Svago
altroattivita,
sostituzionehardware,N
corsoit,S
ecdl,S
espertoliceo,S
espertouniversita,S
problemi,N
competenza,buona
elaborazioneinformazioni,medio
creazionecontenuti,base
comunicazione,medio
risoluzioneproblemi,base
sicurezza,base
file_rar,archivio compresso
creazione_pdf,salvo da word
markup,html,xml
hardware,hard disk,stampante,supporti SSD,cavo hdmi
duckduckgo,motorericerca
siti_affidabili,ansa,treccani
https,unicredit
allinurl,restringe risultati
social_network,opzioni privacy
password,stessa password,scrivo le password
phishing,controllo indirizzo
google,siti
inviocartella,google drive
collaborazione,google docs
spyware,altro browser
