Domanda,Risposte
disclaimer,Accetto
annonascita,1995
sesso,F
regione,Lombardia
cdl,LM
annocorso,1
nomecorso,Interpretazione
ateneo,Bologna
anniuso,10
anniinternet,10
interesse,N
computerpersonale,S
os,MacOS
altroos,
dispositivo,Portatile
altrodispositivo,
attivita,Studio,Lavoro,Svago,Comunicazione
altroattivita,
sostituzionehardware,N
corsoit,S
ecdl,S
espertoliceo,N
espertouniversita,N
problemi,N
competenza,sufficiente
elaborazioneinformazioni,base
creazionecontenuti,base
comunicazione,base
risoluzioneproblemi,base
sicurezza,base
file_rar,archivio compresso
creazione_pdf,stampo e scansiono,Adobe Reader
markup,Non so
hardware,hard disk
duckduckgo,Non so
siti_affidabili,ansa,corrieredellasera,treccani
https,googlemail,unicredit
allinurl,carattere jolly
social_network,opzioni privacy
password,stessa password
phishing,controllo indirizzo
google,tutto
inviocartella,google drive
collaborazione,google docs
spyware,tecnico
