Domanda,Risposte
disclaimer,
annonascita,1996
sesso,F
regione,Lazio
cdl,LT
annocorso,3
nomecorso,Lingue nella società dell’informazione 
ateneo,Tor Vergata 
anniuso,13
anniinternet,13
interesse,S
computerpersonale,S
os,Windows
altroos,
dispositivo,Smartphone
altrodispositivo,
attivita,Studio,Svago,Comunicazione
altroattivita,
sostituzionehardware,N
corsoit,S
ecdl,N
espertoliceo,S
espertouniversita,N
problemi,S
competenza,ottima
elaborazioneinformazioni,avanzato
creazionecontenuti,avanzato
comunicazione,avanzato
risoluzioneproblemi,avanzato
sicurezza,medio
file_rar,archivio compresso
creazione_pdf,salvo da word
markup,Non so
hardware,hard disk,stampante,supporti SSD,cavo hdmi
duckduckgo,Non so
siti_affidabili,wikipedia,corrieredellasera,retenews24,treccani
https,unicredit
allinurl,Non so
social_network,opzioni privacy
password,nessuna
phishing,controllo indirizzo
google,tutto
inviocartella,google drive
collaborazione,google docs
spyware,antimalware
