Domanda,Risposte
disclaimer,
annonascita,1993
sesso,F
regione,Veneto
cdl,LM
annocorso,2
nomecorso,Laurea magistrale in traduzione specialistica e interpretazione di conferenza
ateneo,Trieste
anniuso,14
anniinternet,12
interesse,N
computerpersonale,S
os,Windows
altroos,
dispositivo,Portatile
altrodispositivo,
attivita,Studio,Svago
altroattivita,
sostituzionehardware,N
corsoit,N
ecdl,N
espertoliceo,S
espertouniversita,S
problemi,S
competenza,buona
elaborazioneinformazioni,tutto
creazionecontenuti,medio
comunicazione,avanzato
risoluzioneproblemi,medio
sicurezza,avanzato
