Domanda,Risposte
disclaimer,
annonascita,1988
sesso,F
regione,Puglia
cdl,LM
annocorso,F
nomecorso,Filologia Moderna 
ateneo,Bari 
anniuso,20
anniinternet,11
interesse,N
computerpersonale,S
os,Windows
altroos,
dispositivo,Portatile
altrodispositivo,
attivita,Studio,Svago,Comunicazione
altroattivita,
sostituzionehardware,N
corsoit,S
ecdl,N
espertoliceo,S
espertouniversita,N
problemi,S
competenza,sufficiente
elaborazioneinformazioni,medio
creazionecontenuti,base
comunicazione,nessuno
risoluzioneproblemi,nessuno
sicurezza,base
file_rar,archivio compresso
creazione_pdf,salvo da word,Adobe Reader
markup,Non so
hardware,hard disk
duckduckgo,Non so
siti_affidabili,ansa,corrieredellasera,retenews24,treccani
https,unicredit,Non so
allinurl,Non so
social_network,opzioni privacy
password,stessa password,scrivo le password
phishing,controllo indirizzo
google,tutto,siti
inviocartella,vari messaggi email,cd,google drive
collaborazione,via email,google docs,pendrive
spyware,Non so
