Domanda,Risposte
disclaimer,Accetto
annonascita,1995
sesso,F
regione,Veneto
cdl,LM
annocorso,1
nomecorso,Traduzione specialistica
ateneo,Vebezia
anniuso,15
anniinternet,15
interesse,N
computerpersonale,S
os,Windows
altroos,
dispositivo,Portatile
altrodispositivo,
attivita,Studio,Svago
altroattivita,
sostituzionehardware,N
corsoit,S
ecdl,S
espertoliceo,S
espertouniversita,S
problemi,N
competenza,sufficiente
elaborazioneinformazioni,avanzato
creazionecontenuti,medio
comunicazione,medio
risoluzioneproblemi,base
sicurezza,base
file_rar,archivio compresso
creazione_pdf,salvo da word,Adobe Reader
markup,Non so
hardware,hard disk,stampante,supporti SSD,cavo hdmi
duckduckgo,Non so
siti_affidabili,fattoquotidaino,ansa,corrieredellasera,retenews24,treccani
https,pornhub,unicredit
allinurl,restringe risultati
social_network,opzioni privacy
password,stessa password
phishing,controllo indirizzo
google,siti
inviocartella,google drive,ftp
collaborazione,google docs
spyware,antimalware
