Domanda,Risposte
disclaimer,Accetto
annonascita,1994
sesso,F
regione,Lazio
cdl,LM
annocorso,2
nomecorso,Specialized translation 
ateneo,Università di Bologna 
anniuso,17
anniinternet,14
interesse,N
computerpersonale,S
os,Windows
altroos,
dispositivo,Portatile
altrodispositivo,
attivita,Studio,Lavoro,Svago
altroattivita,
sostituzionehardware,N
corsoit,N
ecdl,N
espertoliceo,S
espertouniversita,N
problemi,S
competenza,buona
elaborazioneinformazioni,medio
creazionecontenuti,base
comunicazione,avanzato
risoluzioneproblemi,medio
sicurezza,medio
file_rar,archivio compresso
creazione_pdf,salvo da word
markup,Non so
hardware,hard disk
duckduckgo,motorericerca
siti_affidabili,ansa,corrieredellasera,treccani
https,musicagratis,unicredit
allinurl,restringe risultati
social_network,opzioni privacy
password,cambio password
phishing,controllo indirizzo
google,siti
inviocartella,google drive
collaborazione,google docs
spyware,antimalware,google
