Domanda,Risposte
disclaimer,
annonascita,1999
sesso,F
regione,Veneto
cdl,LT
annocorso,1
nomecorso,Scienze della comunicazione e del testo letterario
ateneo,Venezia
anniuso,10
anniinternet,8
interesse,N
computerpersonale,S
os,Windows
altroos,
dispositivo,Smartphone
altrodispositivo,
attivita,Svago,Comunicazione
altroattivita,
sostituzionehardware,N
corsoit,N
ecdl,N
espertoliceo,S
espertouniversita,N
problemi,N
competenza,scarsa
elaborazioneinformazioni,base
creazionecontenuti,nessuno
comunicazione,avanzato
risoluzioneproblemi,nessuno
sicurezza,medio
file_rar,Non so
creazione_pdf,salvo da word
markup,Non so
hardware,hard disk,sistema operativo,browser
duckduckgo,Non so
siti_affidabili,corrieredellasera,treccani
https,units,googlemail,unicredit
allinurl,Non so
social_network,opzioni privacy
password,stessa password
phishing,controllo indirizzo
google,siti
inviocartella,vari messaggi email,google drive
collaborazione,via email,pendrive
spyware,Non so
