Domanda,Risposte
disclaimer,Accetto
annonascita,1993
sesso,F
regione,Veneto
cdl,LM
annocorso,2
nomecorso,Scienze filosofiche 
ateneo,Padova 
anniuso,10
anniinternet,7
interesse,N
computerpersonale,S
os,MacOS
altroos,
dispositivo,Portatile
altrodispositivo,
attivita,Studio,Svago
altroattivita,
sostituzionehardware,N
corsoit,N
ecdl,N
espertoliceo,N
espertouniversita,N
problemi,S
competenza,buona
elaborazioneinformazioni,avanzato
creazionecontenuti,base
comunicazione,avanzato
risoluzioneproblemi,base
sicurezza,avanzato
file_rar,Non so
creazione_pdf,salvo da word
markup,Non so
hardware,hard disk
duckduckgo,Non so
siti_affidabili,ansa,wikipedia,treccani
https,googlemail,unicredit
allinurl,Non so
social_network,opzioni privacy
password,scrivo le password
phishing,controllo indirizzo
google,tutto
inviocartella,google drive
collaborazione,google docs
spyware,antimalware
