Domanda,Risposte
disclaimer,
annonascita,1996
sesso,F
regione,Puglia
cdl,LT
annocorso,3
nomecorso,Lettere moderne
ateneo,Bari
anniuso,18
anniinternet,12
interesse,S
computerpersonale,S
os,Windows
altroos,
dispositivo,Portatile
altrodispositivo,
attivita,Studio,Svago,Comunicazione
altroattivita,
sostituzionehardware,N
corsoit,N
ecdl,N
espertoliceo,S
espertouniversita,N
problemi,N
competenza,buona
elaborazioneinformazioni,base
creazionecontenuti,base
comunicazione,base
risoluzioneproblemi,medio
sicurezza,base
file_rar,Non so
creazione_pdf,salvo da word
markup,Non so
hardware,stampante,cavo hdmi
duckduckgo,Non so
siti_affidabili,ansa,corrieredellasera,treccani
https,googlemail,unicredit
allinurl,Non so
social_network,opzioni privacy
password,scrivo le password
phishing,controllo indirizzo
google,siti
inviocartella,Non so
collaborazione,google docs,wordpress
spyware,tecnico,antimalware
