Domanda,Risposte
disclaimer,Accetto
annonascita,1998
sesso,F
regione,Veneto
cdl,LT
annocorso,1
nomecorso,Comunicazione Interlinguistica applicata 
ateneo,Trieste 
anniuso,9
anniinternet,6
interesse,N
computerpersonale,S
os,Windows
altroos,
dispositivo,Portatile
altrodispositivo,
attivita,Studio,Svago,Comunicazione
altroattivita,
sostituzionehardware,S
corsoit,N
ecdl,N
espertoliceo,S
espertouniversita,S
problemi,N
competenza,sufficiente
elaborazioneinformazioni,medio
creazionecontenuti,base
comunicazione,avanzato
risoluzioneproblemi,base
sicurezza,base
file_rar,archivio compresso
creazione_pdf,stampo e scansiono,salvo da word
markup,Non so
hardware,hard disk,stampante,cavo hdmi
duckduckgo,motorericerca
siti_affidabili,ansa,treccani
https,googlemail,unicredit
allinurl,Non so
social_network,opzioni privacy
password,scrivo le password
phishing,controllo indirizzo,cestino
google,siti
inviocartella,google drive
collaborazione,google docs
spyware,altro browser,google
