Domanda,Risposte
disclaimer,
annonascita,1998
sesso,F
regione,Lombardia
cdl,LT
annocorso,2
nomecorso,Filosofia 
ateneo,Lettere, filosofia, comunicazione 
anniuso,15
anniinternet,10
interesse,S
computerpersonale,S
os,Windows
altroos,
dispositivo,Portatile
altrodispositivo,
attivita,Studio,Lavoro,Svago,Comunicazione
altroattivita,
sostituzionehardware,N
corsoit,N
ecdl,S
espertoliceo,S
espertouniversita,N
problemi,S
competenza,scarsa
elaborazioneinformazioni,base
creazionecontenuti,medio
comunicazione,base
risoluzioneproblemi,medio
sicurezza,base
file_rar,Non so
creazione_pdf,Adobe Reader
markup,Non so
hardware,Non so
duckduckgo,Non so
siti_affidabili,Non so
https,unicredit
allinurl,Non so
social_network,tutto pubblico
password,nessuna
phishing,Non so
google,Non so
inviocartella,google drive
collaborazione,Non so
spyware,Non so
