Domanda,Risposte
disclaimer,Accetto
annonascita,1998
sesso,F
regione,Veneto
cdl,LT
annocorso,2
nomecorso,Comunicazione interlinguistica applicata alle professioni giuridiche 
ateneo,Trieste
anniuso,16
anniinternet,13
interesse,S
computerpersonale,S
os,MacOS
altroos,
dispositivo,Portatile
altrodispositivo,
attivita,Studio,Svago
altroattivita,
sostituzionehardware,N
corsoit,N
ecdl,N
espertoliceo,S
espertouniversita,S
problemi,S
competenza,buona
elaborazioneinformazioni,medio
creazionecontenuti,medio
comunicazione,medio
risoluzioneproblemi,medio
sicurezza,medio
