Domanda,Risposte
disclaimer,
annonascita,1998
sesso,F
regione,Piemonte
cdl,LT
annocorso,2
nomecorso,Comunicazione interlinguistica applicata
ateneo,Trieste
anniuso,12
anniinternet,10
interesse,N
computerpersonale,S
os,Windows
altroos,
dispositivo,Smartphone
altrodispositivo,
attivita,Studio,Svago,Comunicazione
altroattivita,
sostituzionehardware,N
corsoit,S
ecdl,N
espertoliceo,S
espertouniversita,N
problemi,S
competenza,sufficiente
elaborazioneinformazioni,base
creazionecontenuti,base
comunicazione,medio
risoluzioneproblemi,base
sicurezza,base
file_rar,archivio compresso
creazione_pdf,salvo da word
markup,html,xml
hardware,hard disk,stampante,cavo hdmi
duckduckgo,Non so
siti_affidabili,fattoquotidaino,ansa,corrieredellasera,treccani
https,Non so
allinurl,restringe risultati
social_network,opzioni privacy
password,stessa password
phishing,apro link
google,siti
inviocartella,google drive
collaborazione,google docs
spyware,Non so
