Domanda,Risposte
disclaimer,
annonascita,1997
sesso,F
regione,Lazio
cdl,LT
annocorso,3
nomecorso,Comunicazione Interlinguistica Applicata
ateneo,Trieste
anniuso,10
anniinternet,10
interesse,N
computerpersonale,S
os,Windows
altroos,
dispositivo,Portatile
altrodispositivo,
attivita,Studio,Svago,Comunicazione
altroattivita,
sostituzionehardware,S
corsoit,S
ecdl,N
espertoliceo,S
espertouniversita,N
problemi,S
competenza,scarsa
elaborazioneinformazioni,base
creazionecontenuti,nessuno
comunicazione,base
risoluzioneproblemi,nessuno
sicurezza,base
file_rar,Non so
creazione_pdf,salvo da word
markup,Non so
hardware,Non so
duckduckgo,Non so
siti_affidabili,fattoquotidaino,ansa,corrieredellasera,treccani
https,units,googlemail,unicredit
allinurl,Non so
social_network,opzioni privacy
password,stessa password
phishing,controllo indirizzo,cestino
google,tutto
inviocartella,vari messaggi email
collaborazione,via email,pendrive
spyware,Non so
