Domanda,Risposte
disclaimer,
annonascita,1996
sesso,F
regione,Lombardia
cdl,LT
annocorso,F
nomecorso,Elena Nava
ateneo,Unimi
anniuso,15
anniinternet,11
interesse,S
computerpersonale,S
os,Windows
altroos,
dispositivo,Portatile
altrodispositivo,
attivita,Studio,Svago,Comunicazione
altroattivita,
sostituzionehardware,S
corsoit,N
ecdl,N
espertoliceo,S
espertouniversita,S
problemi,S
competenza,buona
elaborazioneinformazioni,medio
creazionecontenuti,base
comunicazione,medio
risoluzioneproblemi,medio
sicurezza,base
file_rar,archivio compresso
creazione_pdf,salvo da word
markup,html,xml,latex
hardware,hard disk,supporti SSD
duckduckgo,Non so
siti_affidabili,facebook,ansa,corrieredellasera,retenews24,treccani
https,googlemail,unicredit
allinurl,Non so
social_network,opzioni privacy
password,nessuna
phishing,controllo indirizzo
google,siti
inviocartella,google drive
collaborazione,google docs
spyware,antimalware
