Domanda,Risposte
disclaimer,Accetto
annonascita,1995
sesso,M
regione,Puglia
cdl,LM
annocorso,2
nomecorso,Filologia, letterature e storia dell'antichità 
ateneo,Bari
anniuso,13
anniinternet,13
interesse,N
computerpersonale,S
os,Windows
altroos,
dispositivo,Portatile
altrodispositivo,
attivita,Studio,Lavoro,Svago,Comunicazione
altroattivita,
sostituzionehardware,N
corsoit,N
ecdl,N
espertoliceo,S
espertouniversita,N
problemi,S
competenza,buona
elaborazioneinformazioni,medio
creazionecontenuti,base
comunicazione,avanzato
risoluzioneproblemi,base
sicurezza,base
file_rar,archivio compresso
creazione_pdf,salvo da word
markup,Non so
hardware,hard disk,sistema operativo,browser
duckduckgo,Non so
siti_affidabili,ansa,corrieredellasera,treccani
https,Non so
allinurl,Non so
social_network,opzioni privacy
password,stessa password,scrivo le password
phishing,controllo indirizzo,apro link
google,tutto,siti
inviocartella,vari messaggi email,google drive
collaborazione,via email,google docs,pendrive
spyware,tecnico,antimalware,google
