Domanda,Risposte
disclaimer,Accetto
annonascita,1995
sesso,F
regione,Piemonte
cdl,LM
annocorso,1
nomecorso,Letteratura, filologia e linguistica italiana
ateneo,Torino
anniuso,11
anniinternet,11
interesse,S
computerpersonale,N
os,Windows
altroos,
dispositivo,Tablet
altrodispositivo,
attivita,Studio,Svago,Comunicazione
altroattivita,
sostituzionehardware,N
corsoit,S
ecdl,S
espertoliceo,N
espertouniversita,S
problemi,N
competenza,buona
elaborazioneinformazioni,medio
creazionecontenuti,base
comunicazione,medio
risoluzioneproblemi,base
sicurezza,medio
file_rar,archivio compresso
creazione_pdf,ocr,salvo da word
markup,Non so
hardware,hard disk,stampante,supporti SSD,cavo hdmi
duckduckgo,Non so
siti_affidabili,ansa,corrieredellasera,treccani
https,googlemail,unicredit
allinurl,Non so
social_network,opzioni privacy
password,cambio password
phishing,controllo indirizzo
google,tutto
inviocartella,google drive
collaborazione,google docs
spyware,antimalware
