Domanda,Risposte
disclaimer,Accetto
annonascita,1999
sesso,F
regione,Friuli Venezia Giulia
cdl,LT
annocorso,1
nomecorso,Lettere - curriculum italianistico
ateneo,Udine
anniuso,10
anniinternet,8
interesse,N
computerpersonale,S
os,Windows
altroos,
dispositivo,Portatile
altrodispositivo,
attivita,Studio,Svago,Comunicazione
altroattivita,
sostituzionehardware,S
corsoit,N
ecdl,N
espertoliceo,S
espertouniversita,N
problemi,S
competenza,buona
elaborazioneinformazioni,base
creazionecontenuti,base
comunicazione,avanzato
risoluzioneproblemi,base
sicurezza,medio
file_rar,Non so
creazione_pdf,Adobe Reader
markup,Non so
hardware,Non so
duckduckgo,Non so
siti_affidabili,ansa,corrieredellasera,treccani
https,units,googlemail,unicredit
allinurl,Non so
social_network,opzioni privacy
password,stessa password,cambio password
phishing,cestino
google,siti
inviocartella,google drive
collaborazione,google docs
spyware,Non so
