Domanda,Risposte
disclaimer,
annonascita,1984
sesso,F
regione,Emilia Romagna
cdl,LT
annocorso,1
nomecorso,Lettere arti arcjeologia
ateneo,Ferrara
anniuso,25
anniinternet,25
interesse,N
computerpersonale,S
os,Windows
altroos,
dispositivo,Smartphone
altrodispositivo,
attivita,Lavoro,Svago
altroattivita,
sostituzionehardware,S
corsoit,S
ecdl,N
espertoliceo,S
espertouniversita,S
problemi,N
competenza,sufficiente
elaborazioneinformazioni,avanzato
creazionecontenuti,base
comunicazione,base
risoluzioneproblemi,nessuno
sicurezza,base
file_rar,archivio compresso
creazione_pdf,salvo da word
markup,Non so
hardware,hard disk
duckduckgo,Non so
siti_affidabili,treccani
https,unicredit
allinurl,Non so
social_network,opzioni privacy
password,nessuna
phishing,controllo indirizzo,cestino
google,siti
inviocartella,google drive
collaborazione,google docs
spyware,antimalware
