Domanda,Risposte
disclaimer,accetto
annonascita,1999
sesso,F
regione,Lombardia
cdl,LT
annocorso,1
nomecorso,Lettere
ateneo,Milano
anniuso,10
anniinternet,10
interesse,N
computerpersonale,S
os,MacOS
altroos,
dispositivo,Portatile
altrodispositivo,
attivita,Studio,Lavoro,Svago,Comunicazione
altroattivita,
sostituzionehardware,N
corsoit,N
ecdl,N
espertoliceo,N
espertouniversita,N
problemi,S
competenza,sufficiente
elaborazioneinformazioni,medio
creazionecontenuti,base
comunicazione,medio
risoluzioneproblemi,base
sicurezza,medio
file_rar,Non so
creazione_pdf,Adobe Reader
markup,Non so
hardware,sistema operativo
duckduckgo,Non so
siti_affidabili,fattoquotidaino,ansa,corrieredellasera,treccani
allinurl,Non so
social_network,opzioni privacy
password,scrivo le password
phishing,cestino
google,tutto
inviocartella,google drive
collaborazione,via email
spyware,Non so
