Domanda,Risposte
disclaimer,
annonascita,1999
sesso,M
regione,Puglia
cdl,LT
annocorso,1
nomecorso,Lettere (curriculum moderno)
ateneo,Unisalento
anniuso,8
anniinternet,6
interesse,S
computerpersonale,S
os,Windows
altroos,
dispositivo,Smartphone
altrodispositivo,
attivita,Svago
altroattivita,
sostituzionehardware,S
corsoit,N
ecdl,N
espertoliceo,S
espertouniversita,S
problemi,S
competenza,sufficiente
elaborazioneinformazioni,medio
creazionecontenuti,base
comunicazione,medio
risoluzioneproblemi,base
sicurezza,medio
file_rar,archivio compresso
creazione_pdf,ocr
markup,Non so
hardware,hard disk,stampante,supporti SSD,cavo hdmi
duckduckgo,Non so
siti_affidabili,ansa,wikipedia,corrieredellasera,retenews24,treccani
https,googlemail,unicredit
allinurl,Non so
social_network,opzioni privacy
password,cambio password
phishing,controllo indirizzo
google,tutto
inviocartella,google drive
collaborazione,Non so
spyware,altro browser
