Domanda,Risposte
disclaimer,Accetto
annonascita,1994
sesso,F
regione,Emilia Romagna
cdl,LM
annocorso,1
nomecorso,Editoria, culture della comunicazione e della moda 
ateneo,Statale Milano 
anniuso,16
anniinternet,13
interesse,N
computerpersonale,S
os,Windows
altroos,
dispositivo,Portatile
altrodispositivo,
attivita,Studio,Svago,Comunicazione
altroattivita,
sostituzionehardware,N
corsoit,N
ecdl,N
espertoliceo,S
espertouniversita,S
problemi,N
competenza,sufficiente
elaborazioneinformazioni,medio
creazionecontenuti,base
comunicazione,medio
risoluzioneproblemi,base
sicurezza,medio
file_rar,archivio compresso
creazione_pdf,salvo da word
markup,Non so
hardware,hard disk,supporti SSD,cavo hdmi
duckduckgo,Non so
siti_affidabili,ansa,treccani
https,pornhub,musicagratis,unicredit
allinurl,Non so
social_network,opzioni privacy
password,stessa password,scrivo le password
phishing,controllo indirizzo
google,siti
inviocartella,google drive
collaborazione,via email,pendrive
spyware,antimalware
