Domanda,Risposte
disclaimer,Accetto
annonascita,1998
sesso,F
regione,Friuli Venezia Giulia
cdl,LT
annocorso,1
nomecorso,Comunicazione interlinguistica applicata
ateneo,Trieste
anniuso,12
anniinternet,7
interesse,S
computerpersonale,S
os,Windows
altroos,
dispositivo,Smartphone
altrodispositivo,
attivita,Studio,Svago,Comunicazione
altroattivita,
sostituzionehardware,N
corsoit,N
ecdl,N
espertoliceo,S
espertouniversita,N
problemi,S
competenza,buona
elaborazioneinformazioni,medio
creazionecontenuti,base
comunicazione,medio
risoluzioneproblemi,medio
sicurezza,medio
file_rar,archivio compresso
creazione_pdf,salvo da word
markup,javascript,html,xml,latex
hardware,hard disk,stampante,supporti SSD,cavo hdmi
duckduckgo,motorericerca
siti_affidabili,ansa,corrieredellasera,treccani
https,googlemail,unicredit
allinurl,restringe risultati
social_network,opzioni privacy
password,cambio password
phishing,controllo indirizzo
google,siti,non indicizzati
inviocartella,google drive
collaborazione,google docs
spyware,antimalware,google
