Domanda,Risposte
disclaimer,Accetto
annonascita,1999
sesso,F
regione,Piemonte
cdl,LT
annocorso,1
nomecorso,Comunicazione interlinguistica applicata
ateneo,Trieste
anniuso,9
anniinternet,7
interesse,N
computerpersonale,S
os,Windows
altroos,
dispositivo,Smartphone
altrodispositivo,
attivita,Studio,Svago,Comunicazione
altroattivita,
sostituzionehardware,S
corsoit,N
ecdl,S
espertoliceo,S
espertouniversita,N
problemi,S
competenza,buona
elaborazioneinformazioni,avanzato
creazionecontenuti,medio
comunicazione,medio
risoluzioneproblemi,medio
sicurezza,medio
file_rar,archivio compresso
creazione_pdf,salvo da word
markup,html,xml
hardware,hard disk,stampante,cavo hdmi
duckduckgo,motorericerca
siti_affidabili,fattoquotidaino,ansa,corrieredellasera,retenews24,treccani
https,pornhub,musicagratis,unicredit
allinurl,restringe risultati
social_network,opzioni privacy
password,cambio password
phishing,controllo indirizzo
google,siti,non indicizzati
inviocartella,google drive
collaborazione,google docs
spyware,antimalware
