Domanda,Risposte
disclaimer,Accetto1
annonascita,1998
sesso,F
regione,Veneto
cdl,LT
annocorso,1
nomecorso,Comunicazione Interlinguistica Applicata
ateneo,Trieste
anniuso,10
anniinternet,7
interesse,N
computerpersonale,S
os,Windows
altroos,
dispositivo,Portatile
altrodispositivo,
attivita,Studio,Svago,Comunicazione
altroattivita,
sostituzionehardware,N
corsoit,N
ecdl,N
espertoliceo,N
espertouniversita,N
problemi,S
competenza,scarsa
elaborazioneinformazioni,medio
creazionecontenuti,base
comunicazione,medio
risoluzioneproblemi,base
sicurezza,base
file_rar,Non so
creazione_pdf,salvo da word
hardware,hard disk,stampante,supporti SSD,cavo hdmi
duckduckgo,Non so
siti_affidabili,ansa,corrieredellasera,treccani
https,units,googlemail,unicredit
allinurl,Non so
social_network,opzioni privacy
password,stessa password,cambio password,scrivo le password
phishing,controllo indirizzo
google,siti,illegali
inviocartella,google drive
collaborazione,google docs
spyware,Non so
