Domanda,Risposte
disclaimer,Accetto
annonascita,1991
sesso,M
regione,Veneto
cdl,LT
annocorso,1
nomecorso,Comunicazione Interlinguistica applicata
ateneo,Trieste
anniuso,13
anniinternet,11
interesse,S
computerpersonale,S
os,Windows
altroos,
dispositivo,Portatile
altrodispositivo,
attivita,Studio,Svago,Comunicazione
altroattivita,
sostituzionehardware,S
corsoit,N
ecdl,S
espertoliceo,S
espertouniversita,N
problemi,S
competenza,ottima
elaborazioneinformazioni,medio
creazionecontenuti,medio
comunicazione,medio
risoluzioneproblemi,medio
sicurezza,avanzato
file_rar,archivio compresso
creazione_pdf,salvo da word
markup,Non so
hardware,hard disk,stampante,supporti SSD,cavo hdmi
duckduckgo,Non so
siti_affidabili,ansa,corrieredellasera,treccani
https,pornhub,musicagratis,unicredit
allinurl,Non so
social_network,opzioni privacy
password,cambio password
phishing,cestino
google,siti,illegali
inviocartella,google drive
collaborazione,google docs
spyware,antimalware,modalita provvisoria
