Domanda,Risposte
disclaimer,
annonascita,1998
sesso,F
regione,Friuli Venezia Giulia
cdl,LT
annocorso,1
nomecorso,
ateneo,Udine
anniuso,11
anniinternet,10
interesse,N
computerpersonale,S
os,Windows
altroos,
dispositivo,Portatile
altrodispositivo,
attivita,Studio,Svago
altroattivita,
sostituzionehardware,S
corsoit,N
ecdl,N
espertoliceo,S
espertouniversita,S
problemi,S
competenza,buona
elaborazioneinformazioni,medio
creazionecontenuti,base
comunicazione,base
risoluzioneproblemi,base
sicurezza,base
file_rar,Non so
creazione_pdf,salvo da word
markup,Non so
hardware,Non so
duckduckgo,Non so
siti_affidabili,corrieredellasera,retenews24,treccani
https,googlemail
allinurl,Non so
social_network,tutto privato,rimozione definitiva
password,scrivo le password
phishing,Non so
google,tutto
inviocartella,google drive
collaborazione,via email,pendrive
spyware,riavvio,google
