Domanda,Risposte
disclaimer,
annonascita,1998
sesso,F
regione,Piemonte
cdl,LT
annocorso,1
nomecorso,
ateneo,Trieste
anniuso,10
anniinternet,7
interesse,N
computerpersonale,S
os,MacOS
altroos,
dispositivo,Portatile
altrodispositivo,
attivita,Studio,Svago
altroattivita,
sostituzionehardware,N
corsoit,N
ecdl,S
espertoliceo,S
espertouniversita,N
problemi,S
competenza,buona
elaborazioneinformazioni,medio
creazionecontenuti,base
comunicazione,base
risoluzioneproblemi,base
sicurezza,base
file_rar,archivio compresso
creazione_pdf,salvo da word
markup,html,jpeg
hardware,stampante,supporti SSD,cavo hdmi
duckduckgo,Non so
siti_affidabili,ansa,corrieredellasera,treccani
https,units,googlemail,unicredit
allinurl,Non so
social_network,opzioni privacy
password,stessa password
phishing,controllo indirizzo
google,siti
inviocartella,google drive
collaborazione,google docs
spyware,Non so
