Domanda,Risposte
disclaimer,
annonascita,1996
sesso,F
regione,Veneto
cdl,LT
annocorso,1
nomecorso,Comunicazione interlinguistica applicata
ateneo,Trieste
anniuso,16
anniinternet,12
interesse,N
computerpersonale,S
os,Windows
altroos,
dispositivo,Smartphone
altrodispositivo,
attivita,Studio,Svago,Comunicazione
altroattivita,
sostituzionehardware,N
corsoit,N
ecdl,N
espertoliceo,S
espertouniversita,N
problemi,S
competenza,scarsa
elaborazioneinformazioni,base
creazionecontenuti,base
comunicazione,base
risoluzioneproblemi,base
sicurezza,base
file_rar,archivio compresso
creazione_pdf,Non so
markup,Non so
hardware,hard disk,stampante,supporti SSD,cavo hdmi
duckduckgo,Non so
siti_affidabili,ansa,treccani
https,googlemail,unicredit
allinurl,Non so
social_network,opzioni privacy
password,stessa password
phishing,cestino
google,tutto
inviocartella,google drive
collaborazione,Non so
spyware,Non so
