Domanda,Risposte
disclaimer,accetto
annonascita,1996
sesso,F
regione,Lombardia
cdl,LT
annocorso,3
nomecorso,scienze umanistiche per la comunicazione
ateneo,Statale di Milano
anniuso,10
anniinternet,10
interesse,N
computerpersonale,S
os,Windows
altroos,
dispositivo,Portatile
altrodispositivo,
attivita,Studio,Svago
altroattivita,
sostituzionehardware,S
corsoit,S
ecdl,N
espertoliceo,S
espertouniversita,N
problemi,S
competenza,buona
elaborazioneinformazioni,medio
creazionecontenuti,medio
comunicazione,medio
risoluzioneproblemi,base
sicurezza,base
file_rar,Non so
creazione_pdf,ocr
markup,Non so
hardware,hard disk
duckduckgo,Non so
siti_affidabili,fattoquotidaino,ansa,corrieredellasera,retenews24,treccani
https,unicredit
allinurl,Non so
social_network,opzioni privacy
password,stessa password
phishing,controllo indirizzo
google,siti
inviocartella,google drive
collaborazione,pendrive
spyware,tecnico
