Domanda,Risposte
disclaimer,
annonascita,1996
sesso,F
regione,Lombardia
cdl,LM
annocorso,1
nomecorso,Filologia moderna. Scienze della letteratura, del teatro e del cinema
ateneo,Pavia
anniuso,10
anniinternet,10
interesse,S
computerpersonale,S
os,Windows
altroos,
dispositivo,Portatile
altrodispositivo,
attivita,Studio,Lavoro,Svago
altroattivita,
sostituzionehardware,S
corsoit,S
ecdl,S
espertoliceo,S
espertouniversita,S
problemi,S
competenza,buona
elaborazioneinformazioni,medio
creazionecontenuti,tutto
comunicazione,medio
risoluzioneproblemi,medio
sicurezza,medio
file_rar,archivio compresso
creazione_pdf,salvo da word
markup,html,xml
hardware,stampante,supporti SSD,cavo hdmi
duckduckgo,motorericerca
siti_affidabili,ansa,treccani
https,googlemail,unicredit
allinurl,restringe risultati
social_network,opzioni privacy
password,cambio password
phishing,controllo indirizzo
google,siti
inviocartella,google drive
collaborazione,google docs
spyware,tecnico,antimalware
