Domanda,Risposte
disclaimer,
annonascita,1995
sesso,F
regione,Marche
cdl,LM
annocorso,2
nomecorso,Traduzione specialistica
ateneo,Trieste
anniuso,18
anniinternet,15
interesse,N
computerpersonale,S
os,Windows
altroos,
dispositivo,Smartphone
altrodispositivo,
attivita,Studio,Svago,Comunicazione
altroattivita,
sostituzionehardware,N
corsoit,S
ecdl,N
espertoliceo,S
espertouniversita,N
problemi,N
competenza,scarsa
elaborazioneinformazioni,tutto
creazionecontenuti,base
comunicazione,base
risoluzioneproblemi,base
sicurezza,base
file_rar,Non so
creazione_pdf,salvo da word
markup,html,xml
hardware,hard disk,stampante,cavo hdmi
duckduckgo,Non so
siti_affidabili,ansa,corrieredellasera,treccani
https,units
allinurl,Non so
social_network,opzioni privacy
password,scrivo le password
phishing,controllo indirizzo
google,siti
inviocartella,google drive
collaborazione,google docs
spyware,Non so
