Domanda,Risposte
disclaimer,
annonascita,1998
sesso,F
regione,Veneto
cdl,LT
annocorso,2
nomecorso,Comunicazione interlinguistica applicata
ateneo,Trieste
anniuso,10
anniinternet,7
interesse,N
computerpersonale,S
os,Windows
altroos,
dispositivo,Portatile
altrodispositivo,
attivita,Studio,Svago
altroattivita,
sostituzionehardware,N
corsoit,S
ecdl,N
espertoliceo,N
espertouniversita,N
problemi,N
competenza,scarsa
elaborazioneinformazioni,medio
creazionecontenuti,medio
comunicazione,avanzato
risoluzioneproblemi,base
sicurezza,base
file_rar,archivio compresso
creazione_pdf,ocr
markup,excel,jpeg
hardware,hard disk,Non so
duckduckgo,motorericerca
siti_affidabili,ansa,wikipedia,retenews24,treccani
https,units,googlemail,unicredit
allinurl,restringe risultati
social_network,opzioni privacy
password,stessa password
phishing,controllo indirizzo
google,siti
inviocartella,Non so
collaborazione,google docs
spyware,modalita provvisoria
