Domanda,Risposte
disclaimer,Accetto
annonascita,1998
sesso,F
regione,Calabria
cdl,LT
annocorso,2
nomecorso,Comunicazione interlinguistica applicata
ateneo,Trieste
anniuso,10
anniinternet,7
interesse,N
computerpersonale,S
os,Windows
altroos,
dispositivo,Portatile
altrodispositivo,
attivita,Studio,Svago,Comunicazione
altroattivita,
sostituzionehardware,N
corsoit,N
ecdl,S
espertoliceo,S
espertouniversita,S
problemi,S
competenza,buona
elaborazioneinformazioni,medio
creazionecontenuti,base
comunicazione,medio
risoluzioneproblemi,base
sicurezza,base
file_rar,archivio compresso
creazione_pdf,salvo da word
markup,javascript
hardware,hard disk,stampante,cavo hdmi
duckduckgo,Non so
siti_affidabili,ansa,corrieredellasera,treccani
https,units,googlemail,unicredit
allinurl,restringe risultati
social_network,opzioni privacy
password,stessa password
phishing,Non so
google,Non so
inviocartella,google drive
collaborazione,google docs
spyware,tecnico,antimalware
