Domanda,Risposte
disclaimer,
annonascita,1995
sesso,F
regione,Piemonte
cdl,LM
annocorso,2
nomecorso,Traduzione specialistica e interpretazione di conferenza
ateneo,Trieste
anniuso,17
anniinternet,12
interesse,N
computerpersonale,S
os,MacOS
altroos,
dispositivo,Portatile
altrodispositivo,
attivita,Studio,Svago,Comunicazione
altroattivita,
sostituzionehardware,N
corsoit,S
ecdl,N
espertoliceo,S
espertouniversita,N
problemi,S
competenza,scarsa
elaborazioneinformazioni,avanzato
creazionecontenuti,base
comunicazione,medio
risoluzioneproblemi,base
sicurezza,medio
file_rar,archivio compresso
creazione_pdf,Adobe Reader
markup,html,xml
hardware,hard disk,stampante,cavo hdmi
duckduckgo,Non so
siti_affidabili,ansa,corrieredellasera,treccani
https,units,googlemail,unicredit
allinurl,Non so
social_network,opzioni privacy
password,nessuna
phishing,controllo indirizzo
google,siti
inviocartella,vari messaggi email,google drive
collaborazione,google docs
spyware,antimalware,google
