Domanda,Risposte
disclaimer,Accetto
annonascita,1996
sesso,F
regione,Veneto
cdl,LT
annocorso,3
nomecorso,Conservazione dei beni culturali 
ateneo,Udine
anniuso,12
anniinternet,9
interesse,N
computerpersonale,S
os,Windows
altroos,
dispositivo,Portatile
altrodispositivo,
attivita,Studio,Svago
altroattivita,
sostituzionehardware,N
corsoit,S
ecdl,S
espertoliceo,N
espertouniversita,N
problemi,S
competenza,sufficiente
elaborazioneinformazioni,base
creazionecontenuti,base
comunicazione,base
risoluzioneproblemi,base
sicurezza,base
file_rar,archivio compresso
creazione_pdf,salvo da word
markup,html,latex
hardware,hard disk,stampante,supporti SSD,cavo hdmi
duckduckgo,motorericerca
siti_affidabili,fattoquotidaino,ansa,corrieredellasera,retenews24,treccani
https,pornhub,musicagratis,unicredit
allinurl,restringe risultati
social_network,opzioni privacy
password,stessa password
phishing,cestino
google,siti
inviocartella,google drive
collaborazione,google docs
spyware,antimalware
