Domanda,Risposte
disclaimer,Accetto
annonascita,1999
sesso,M
regione,Veneto
cdl,LT
annocorso,1
nomecorso,Comunicazione interlinguistica applicata 
ateneo,Trieste
anniuso,12
anniinternet,9
interesse,N
computerpersonale,S
os,MacOS
altroos,
dispositivo,Smartphone
altrodispositivo,
attivita,Studio,Svago
altroattivita,
sostituzionehardware,N
corsoit,N
ecdl,N
espertoliceo,S
espertouniversita,S
problemi,S
competenza,scarsa
elaborazioneinformazioni,avanzato
creazionecontenuti,base
comunicazione,medio
risoluzioneproblemi,base
sicurezza,base
file_rar,Non so
creazione_pdf,salvo da word,Adobe Reader
markup,Non so
hardware,Non so
duckduckgo,Non so
siti_affidabili,ansa,corrieredellasera,treccani
https,units
allinurl,Non so
social_network,opzioni privacy
password,nessuna
phishing,controllo indirizzo
google,tutto
inviocartella,google drive
collaborazione,google docs
spyware,formatto
