Domanda,Risposte
disclaimer,Anna
annonascita,1998
sesso,F
regione,Puglia
cdl,LT
annocorso,2
nomecorso,Lettere - Cultura teatrale
ateneo,Baru
anniuso,11
anniinternet,11
interesse,S
computerpersonale,S
os,MacOS
altroos,
dispositivo,Fisso
altrodispositivo,
attivita,Studio,Lavoro,Svago,Comunicazione
altroattivita,
sostituzionehardware,N
corsoit,S
ecdl,N
espertoliceo,S
espertouniversita,S
problemi,S
competenza,buona
elaborazioneinformazioni,avanzato
creazionecontenuti,medio
comunicazione,avanzato
risoluzioneproblemi,avanzato
sicurezza,avanzato
file_rar,archivio compresso
creazione_pdf,salvo da word
markup,javascript,html,xml
hardware,hard disk,supporti SSD
duckduckgo,motorericerca
siti_affidabili,ansa,corrieredellasera,treccani
https,googlemail,unicredit
allinurl,restringe risultati
social_network,opzioni privacy
password,cambio password
phishing,controllo indirizzo
google,siti
inviocartella,google drive
collaborazione,google docs
spyware,antimalware
