Domanda,Risposte
disclaimer,Accetto
annonascita,1996
sesso,F
regione,Lombardia
cdl,LM
annocorso,1
nomecorso,Lettere moderne 
ateneo,Milano
anniuso,15
anniinternet,9
interesse,N
computerpersonale,S
os,Windows
altroos,
dispositivo,Portatile
altrodispositivo,
attivita,Studio
altroattivita,
sostituzionehardware,N
corsoit,N
ecdl,S
espertoliceo,S
espertouniversita,S
problemi,S
competenza,buona
elaborazioneinformazioni,medio
creazionecontenuti,medio
comunicazione,base
risoluzioneproblemi,base
sicurezza,medio
file_rar,archivio compresso
creazione_pdf,salvo da word
markup,html,xml
hardware,hard disk,supporti SSD
duckduckgo,Non so
siti_affidabili,ansa,corrieredellasera,treccani
https,googlemail,unicredit
allinurl,Non so
social_network,opzioni privacy
password,cambio password
phishing,controllo indirizzo,rispondo
google,siti
inviocartella,google drive
collaborazione,via email,google docs
spyware,antimalware
