Domanda,Risposte
disclaimer,Accetto
annonascita,1993
sesso,F
regione,Lombardia
cdl,LM
annocorso,2
nomecorso,Culture Moderne Comparate 
ateneo,Bergamo
anniuso,14
anniinternet,12
interesse,S
computerpersonale,S
os,Windows
altroos,
dispositivo,Portatile
altrodispositivo,
attivita,Studio,Svago
altroattivita,
sostituzionehardware,S
corsoit,N
ecdl,N
espertoliceo,N
espertouniversita,N
problemi,S
competenza,buona
elaborazioneinformazioni,avanzato
creazionecontenuti,base
comunicazione,medio
risoluzioneproblemi,medio
sicurezza,medio
file_rar,Non so
creazione_pdf,Adobe Reader
markup,Non so
hardware,hard disk
duckduckgo,Non so
siti_affidabili,fattoquotidaino,ansa,corrieredellasera,treccani
https,googlemail
allinurl,Non so
social_network,opzioni privacy
password,cambio password
phishing,controllo indirizzo
google,siti
inviocartella,google drive
collaborazione,google docs
spyware,antimalware
