Domanda,Risposte
disclaimer,
annonascita,1999
sesso,M
regione,Veneto
cdl,LT
annocorso,1
nomecorso,Storia
ateneo,Venezia
anniuso,9
anniinternet,9
interesse,S
computerpersonale,S
os,Windows
altroos,
dispositivo,Smartphone
altrodispositivo,
attivita,Studio,Svago,Comunicazione
altroattivita,
sostituzionehardware,N
corsoit,N
ecdl,S
espertoliceo,S
espertouniversita,S
problemi,S
competenza,buona
elaborazioneinformazioni,avanzato
creazionecontenuti,base
comunicazione,avanzato
risoluzioneproblemi,base
sicurezza,medio
file_rar,archivio compresso
creazione_pdf,salvo da word
markup,Non so
hardware,hard disk,stampante,supporti SSD,cavo hdmi
duckduckgo,ecommerce
siti_affidabili,ansa,wikipedia,treccani
https,googlemail,unicredit
allinurl,restringe risultati
social_network,opzioni privacy
password,stessa password
phishing,controllo indirizzo
google,siti
inviocartella,google drive
collaborazione,google docs
spyware,antimalware
