Domanda,Risposte
disclaimer,Accetto
annonascita,1997
sesso,M
regione,Friuli Venezia Giulia
cdl,LT
annocorso,3
nomecorso,Lettere antiche, moderne, arti e comunicazione
ateneo,Trieste
anniuso,12
anniinternet,8
interesse,S
computerpersonale,S
os,Windows
altroos,
dispositivo,Smartphone
altrodispositivo,
attivita,Studio,Svago,Comunicazione
altroattivita,
sostituzionehardware,N
corsoit,S
ecdl,N
espertoliceo,S
espertouniversita,S
problemi,S
competenza,buona
elaborazioneinformazioni,medio
creazionecontenuti,base
comunicazione,medio
risoluzioneproblemi,medio
sicurezza,base
file_rar,archivio compresso
creazione_pdf,salvo da word
markup,Non so
hardware,hard disk
duckduckgo,Non so
siti_affidabili,ansa,wikipedia,corrieredellasera,treccani
https,units,googlemail,unicredit
allinurl,Non so
social_network,opzioni privacy
password,stessa password
phishing,controllo indirizzo
google,siti
inviocartella,google drive,ftp
collaborazione,google docs
spyware,antimalware
