Domanda,Risposte
disclaimer,
annonascita,1996
sesso,M
regione,Puglia
cdl,LM
annocorso,1
nomecorso,Lingue moderne, letterature e traduzione 
ateneo,Lecce, Università del Salento
anniuso,11
anniinternet,8
interesse,N
computerpersonale,S
os,Windows
altroos,
dispositivo,Portatile
altrodispositivo,
attivita,Studio,Svago,Comunicazione
altroattivita,
sostituzionehardware,N
corsoit,N
ecdl,N
espertoliceo,N
espertouniversita,S
problemi,S
competenza,sufficiente
elaborazioneinformazioni,base
creazionecontenuti,base
comunicazione,base
risoluzioneproblemi,base
sicurezza,base
file_rar,archivio compresso
creazione_pdf,salvo da word,Adobe Reader
markup,html
hardware,hard disk,sistema operativo
duckduckgo,Non so
siti_affidabili,ansa,corrieredellasera,treccani
https,googlemail,unicredit
allinurl,Non so
social_network,opzioni privacy
password,cambio password
phishing,controllo indirizzo,apro link
google,tutto
inviocartella,google drive
collaborazione,via email
spyware,Non so
