Domanda,Risposte
disclaimer,
annonascita,2000
sesso,F
regione,Campania
cdl,LT
annocorso,1
nomecorso,Comunicazione interlinguistica applicata alle professioni giuridiche
ateneo,Trieste
anniuso,5
anniinternet,5
interesse,N
computerpersonale,S
os,Windows
altroos,
dispositivo,Portatile
altrodispositivo,
attivita,Studio,Comunicazione
altroattivita,
sostituzionehardware,N
corsoit,N
ecdl,N
espertoliceo,S
espertouniversita,N
problemi,S
competenza,sufficiente
elaborazioneinformazioni,medio
creazionecontenuti,medio
comunicazione,avanzato
risoluzioneproblemi,base
sicurezza,base
file_rar,archivio compresso
creazione_pdf,salvo da word
markup,Non so
hardware,sistema operativo,stampante
duckduckgo,Non so
siti_affidabili,fattoquotidaino,corrieredellasera,retenews24,treccani
https,units,googlemail,unicredit
allinurl,Non so
social_network,opzioni privacy
password,cambio password
phishing,controllo indirizzo
google,tutto,siti
inviocartella,google drive
collaborazione,pendrive
spyware,Non so
