Domanda,Risposte
disclaimer,
annonascita,1994
sesso,F
regione,Basilicata
cdl,LM
annocorso,1
nomecorso,Scienze Storiche e della documentazione storica
ateneo,Bari
anniuso,13
anniinternet,10
interesse,N
computerpersonale,S
os,Windows
altroos,
dispositivo,Smartphone
altrodispositivo,
attivita,Studio,Lavoro,Comunicazione
altroattivita,
sostituzionehardware,N
corsoit,S
ecdl,N
espertoliceo,S
espertouniversita,S
problemi,S
competenza,buona
elaborazioneinformazioni,avanzato
creazionecontenuti,avanzato
comunicazione,avanzato
risoluzioneproblemi,base
sicurezza,base
