Domanda,Risposte
disclaimer,
annonascita,
sesso,M
regione,Toscana
cdl,LT
annocorso,1
nomecorso,Filosofia
ateneo,Firenze
anniuso,15
anniinternet,12
interesse,S
computerpersonale,S
os,Windows
altroos,
dispositivo,Fisso
altrodispositivo,
attivita,Studio,Lavoro,Svago,Comunicazione
altroattivita,
sostituzionehardware,S
corsoit,N
ecdl,N
espertoliceo,S
espertouniversita,S
problemi,S
competenza,buona
elaborazioneinformazioni,avanzato
creazionecontenuti,medio
comunicazione,avanzato
risoluzioneproblemi,medio
sicurezza,medio
file_rar,archivio compresso
creazione_pdf,salvo da word
markup,Non so
hardware,hard disk,stampante,supporti SSD,cavo hdmi
duckduckgo,Non so
siti_affidabili,ansa,wikipedia,treccani
https,unicredit
allinurl,Non so
social_network,opzioni privacy
password,stessa password,scrivo le password
phishing,controllo indirizzo
google,siti
inviocartella,google drive
collaborazione,google docs
spyware,antimalware
