Domanda,Risposte
disclaimer,
annonascita,1995
sesso,M
regione,Friuli Venezia Giulia
cdl,LT
annocorso,3
nomecorso,Lettere
ateneo,Udine
anniuso,15
anniinternet,8
interesse,S
computerpersonale,S
os,Windows
altroos,
dispositivo,Portatile
altrodispositivo,
attivita,Studio,Lavoro,Svago
altroattivita,
sostituzionehardware,N
corsoit,S
ecdl,S
espertoliceo,S
espertouniversita,S
problemi,S
competenza,buona
elaborazioneinformazioni,medio
creazionecontenuti,medio
comunicazione,avanzato
risoluzioneproblemi,medio
sicurezza,medio
file_rar,archivio compresso
creazione_pdf,salvo da word
markup,javascript,xml
hardware,hard disk,stampante,supporti SSD,cavo hdmi
duckduckgo,Non so
siti_affidabili,fattoquotidaino,ansa,wikipedia,corrieredellasera,treccani
https,googlemail,unicredit
allinurl,Non so
social_network,opzioni privacy
password,cambio password
phishing,controllo indirizzo
google,siti
inviocartella,google drive
collaborazione,via email,google docs,pendrive
spyware,Non so
